{
  "rollWidget": {
    "origin": "BOTTOM",
    "offset": {
      "f_82470_": 109.333374,
      "f_82471_": -40.333378
    }
  }
}